{
  "case": "G3V8L3Free",
  "normal_field_source": "released SPECTRE post-Picard dMG fixtures reconstructed as equivalent iV/iB source",
  "unknowns": [
    "dpflux_lvol2",
    "dpflux_lvol3",
    "dpflux_lvol4",
    "dpflux_lvol5",
    "dpflux_lvol6",
    "dpflux_lvol7",
    "dpflux_lvol8",
    "dpflux_lvol9",
    "dtflux_lvol9"
  ],
  "initial_residual": [
    5.767895427761393e-06,
    1.0328795489756711e-05,
    1.442469990652101e-05,
    1.7357234575397287e-05,
    1.8910698230972643e-05,
    1.860930536300586e-05,
    -1.1757534464632099e-05,
    -0.015486853271136473,
    0.00013466454581934073
  ],
  "final_residual": [
    1.4815052925008492e-18,
    -1.4068348714250748e-17,
    -2.7914367823459493e-18,
    -1.2638247733736394e-17,
    6.278340553946883e-17,
    1.7617808846856617e-17,
    1.491688547585867e-17,
    -1.2998779366801307e-17,
    -8.881784197001252e-16
  ],
  "correction": [
    2.478116648707475e-06,
    4.002654891594612e-06,
    5.324835263992631e-06,
    6.3814575879412774e-06,
    7.117411896502993e-06,
    7.444177667102509e-06,
    5.242015306175264e-06,
    -0.0026449120345035004,
    4.7940263249205515e-06
  ],
  "initial_residual_norm": 0.015486853271136473,
  "final_residual_norm": 8.881784197001252e-16,
  "coefficient_global_relative_error": 3.378865067290965e-15,
  "coefficient_global_max_abs_error": 5.852523327076753e-16,
  "component_relative_errors": {
    "ate": 1.7382257089341125e-15,
    "aze": 1.778592395250813e-14,
    "ato": 0.0,
    "azo": 0.0
  },
  "component_max_abs_errors": {
    "ate": 3.0531133177191805e-16,
    "aze": 5.852523327076753e-16,
    "ato": 0.0,
    "azo": 0.0
  },
  "max_state_error": 2.767087861842212e-16,
  "max_linear_relative_residual": 2.5252893581481835e-12,
  "volumes": [
    {
      "lvol": 1,
      "initial_psi": [
        0.0024867959858108648,
        0.0
      ],
      "jax_psi": [
        0.0024867959858108648,
        0.0
      ],
      "spectre_psi": [
        0.0024867959858108648,
        0.0
      ],
      "jax_mu": -0.2507728411208927,
      "spectre_mu": -0.2507728411208927,
      "mu_abs_error": 0.0,
      "psi_l2_error": 0.0,
      "linear_relative_residual_norm": 5.539527715454497e-13
    },
    {
      "lvol": 2,
      "initial_psi": [
        0.007460387957432594,
        -0.0035476455823517656
      ],
      "jax_psi": [
        0.007460387957432594,
        -0.003550123699000473
      ],
      "spectre_psi": [
        0.007460387957432594,
        -0.0035501236990004713
      ],
      "jax_mu": -0.24252587115165616,
      "spectre_mu": -0.24252587115165616,
      "mu_abs_error": 0.0,
      "psi_l2_error": 1.734723475976807e-18,
      "linear_relative_residual_norm": 2.5252893581481835e-12
    },
    {
      "lvol": 3,
      "initial_psi": [
        0.012433979929054324,
        -0.005678919762856283
      ],
      "jax_psi": [
        0.012433979929054324,
        -0.005682922417747877
      ],
      "spectre_psi": [
        0.012433979929054324,
        -0.005682922417747841
      ],
      "jax_mu": -0.22596573468899422,
      "spectre_mu": -0.22596573468899422,
      "mu_abs_error": 0.0,
      "psi_l2_error": 3.642919299551295e-17,
      "linear_relative_residual_norm": 8.070030101215455e-13
    },
    {
      "lvol": 4,
      "initial_psi": [
        0.017407571900676072,
        -0.00746027650934833
      ],
      "jax_psi": [
        0.017407571900676072,
        -0.007465601344612323
      ],
      "spectre_psi": [
        0.017407571900676072,
        -0.007465601344612432
      ],
      "jax_mu": -0.20094551980966768,
      "spectre_mu": -0.20094551980966768,
      "mu_abs_error": 0.0,
      "psi_l2_error": 1.0928757898653885e-16,
      "linear_relative_residual_norm": 1.1864430217724445e-12
    },
    {
      "lvol": 5,
      "initial_psi": [
        0.0223811638722978,
        -0.008751573589181657
      ],
      "jax_psi": [
        0.0223811638722978,
        -0.008757955046769598
      ],
      "spectre_psi": [
        0.0223811638722978,
        -0.00875795504676967
      ],
      "jax_mu": -0.16722944164915288,
      "spectre_mu": -0.16722944164915288,
      "mu_abs_error": 0.0,
      "psi_l2_error": 7.112366251504909e-17,
      "linear_relative_residual_norm": 7.144017091768206e-13
    },
    {
      "lvol": 6,
      "initial_psi": [
        0.027354755843919495,
        -0.009412862323092134
      ],
      "jax_psi": [
        0.027354755843919495,
        -0.009419979734988636
      ],
      "spectre_psi": [
        0.027354755843919495,
        -0.009419979734988444
      ],
      "jax_mu": -0.12458582404318977,
      "spectre_mu": -0.12458582404318977,
      "mu_abs_error": 0.0,
      "psi_l2_error": 1.9255430583342559e-16,
      "linear_relative_residual_norm": 7.605188375585941e-13
    },
    {
      "lvol": 7,
      "initial_psi": [
        0.032328347815541225,
        -0.009305218475530237
      ],
      "jax_psi": [
        0.032328347815541225,
        -0.00931266265319734
      ],
      "spectre_psi": [
        0.032328347815541225,
        -0.009312662653197452
      ],
      "jax_mu": -0.07333258722219789,
      "spectre_mu": -0.07333258722219789,
      "mu_abs_error": 0.0,
      "psi_l2_error": 1.1275702593849246e-16,
      "linear_relative_residual_norm": 2.5755058750998123e-13
    },
    {
      "lvol": 8,
      "initial_psi": [
        0.03730193978716297,
        -0.00829619365040812
      ],
      "jax_psi": [
        0.03730193978716297,
        -0.008301435665714296
      ],
      "spectre_psi": [
        0.03730193978716297,
        -0.008301435665714119
      ],
      "jax_mu": -0.017018314233229383,
      "spectre_mu": -0.017018314233229383,
      "mu_abs_error": 0.0,
      "psi_l2_error": 1.7694179454963432e-16,
      "linear_relative_residual_norm": 6.540065794416052e-13
    },
    {
      "lvol": 9,
      "initial_psi": [
        0.17378291758538647,
        -0.02813668311138163
      ],
      "jax_psi": [
        0.17377812355906155,
        -0.02549177107687813
      ],
      "spectre_psi": [
        0.17377812355906141,
        -0.025491771076878368
      ],
      "jax_mu": 0.0,
      "spectre_mu": 0.0,
      "mu_abs_error": 0.0,
      "psi_l2_error": 2.767087861842212e-16,
      "linear_relative_residual_norm": 1.0992134620593866e-13
    }
  ]
}
