{
  "case": "G3V3L3Fi",
  "unknowns": [
    "dpflux_lvol2",
    "dpflux_lvol3"
  ],
  "initial_residual": [
    -0.0002304043250674566,
    -2.586558625421869e-05
  ],
  "final_residual": [
    -9.531449997215828e-18,
    6.620748328918513e-17
  ],
  "correction": [
    -0.0002281604062014091,
    -0.00014648443112433892
  ],
  "initial_residual_norm": 0.0002304043250674566,
  "final_residual_norm": 6.620748328918513e-17,
  "coefficient_global_relative_error": 1.6827026573276827e-14,
  "coefficient_global_max_abs_error": 9.823734598389947e-16,
  "max_state_error": 4.718958039861916e-17,
  "volumes": [
    {
      "lvol": 1,
      "initial_psi": [
        0.017683882565766147,
        0.0
      ],
      "jax_psi": [
        0.017683882565766147,
        0.0
      ],
      "spectre_psi": [
        0.017683882565766147,
        0.0
      ],
      "jax_mu": -0.00028507863819722876,
      "spectre_mu": -0.00028507863819722876,
      "mu_abs_error": 0.0,
      "psi_l2_error": 0.0,
      "linear_relative_residual_norm": 7.089015620434972e-13
    },
    {
      "lvol": 2,
      "initial_psi": [
        0.05305164769729845,
        0.015255530931893918
      ],
      "jax_psi": [
        0.05305164769729845,
        0.015483691338095327
      ],
      "spectre_psi": [
        0.05305164769729844,
        0.015483691338095336
      ],
      "jax_mu": -0.00011534346748359912,
      "spectre_mu": -0.00011534346748359912,
      "mu_abs_error": 0.0,
      "psi_l2_error": 1.1107649934270853e-17,
      "linear_relative_residual_norm": 1.2804733862724394e-13
    },
    {
      "lvol": 3,
      "initial_psi": [
        0.08841941282883076,
        0.025641881382325402
      ],
      "jax_psi": [
        0.08841941282883076,
        0.025788365813449742
      ],
      "spectre_psi": [
        0.08841941282883074,
        0.025788365813449697
      ],
      "jax_mu": 5.295082606351226e-06,
      "spectre_mu": 5.295082606351226e-06,
      "mu_abs_error": 0.0,
      "psi_l2_error": 4.718958039861916e-17,
      "linear_relative_residual_norm": 1.6418314024835192e-13
    }
  ]
}
